BS,MLR,CLP
1.70099,1.20274
1.81776,1.25178
1.51221,0.924934
1.12702,0.683143
1.53269,0.747603
1.39472,0.826215
1.34333,0.868642
1.14845,0.787854
1.23401,0.77134
1.10552,0.722497
1.13412,0.717765
1.10642,0.868643
1.11556,0.673292
1.221,0.739195
1.13225,0.75248
1.14268,0.768343
1.17147,0.725659
1.09757,0.74319
1.14856,0.744938
1.20539,0.794355
1.11226,0.699615
1.16532,0.819175
1.21283,0.775002
1.09988,0.7076
1.16305,0.715179
