BS,MLR,CLP
0.276272,0.153997
0.330464,0.114532
0.137809,0.155718
0.159351,0.071032
0.140855,0.12231
0.138773,0.0798813
0.117348,0.134397
0.154938,0.108207
0.143183,0.163745
0.105026,0.0848358
0.170592,0.0742519
0.127729,0.115881
0.124835,0.135703
0.143931,0.0672826
0.100192,0.0683377
0.201645,0.117499
0.124853,0.111865
0.179479,0.0656165
0.101687,0.107112
0.155035,0.0915184
0.112202,0.0619761
0.181286,0.0653567
0.0999314,0.0664032
0.115334,0.0660913
0.157176,0.063419
