BS,MLR,CLP
1.98855,0.916935
1.25422,0.660377
1.18195,1.12546
1.31207,1.14573
1.90127,1.38736
1.40102,1.15338
1.84733,1.28517
2.17389,1.53038
1.99859,0.950839
1.73518,0.770396
1.49875,0.699324
1.38364,0.733415
1.80206,1.36173
1.54055,0.874927
1.90083,1.25354
2.27068,1.15753
1.25709,0.821852
1.36016,0.943909
1.42885,0.872859
1.32393,0.78465
1.29038,0.659825
1.16891,0.697947
1.19753,0.724048
1.26205,0.97492
1.6173,1.26155
