BS,MLR,CLP
0.105552,0.0641967
0.112928,0.0634299
0.109323,0.0888226
0.104762,0.060297
0.125495,0.0633919
0.149793,0.0870391
0.101122,0.131003
0.126097,0.0631053
0.15523,0.0635655
0.100446,0.0854741
0.139016,0.0603896
0.170922,0.0613361
0.100041,0.128492
0.104034,0.0601312
0.165745,0.0641121
0.102007,0.0902354
0.117912,0.0700129
0.186751,0.0633066
0.131343,0.120574
0.126915,0.0619555
0.148857,0.0611293
0.12495,0.0924681
0.129411,0.060676
0.138596,0.069152
0.127218,0.124873
