BS,MLR,CLP
1.13496,0.725902
1.16633,0.769392
1.20728,0.728581
1.11421,0.754129
1.29722,0.760726
1.30963,0.773406
1.10129,0.691931
1.29965,0.810993
1.21093,0.756843
1.99442,0.965734
1.15936,0.713653
1.10338,0.756395
1.5017,1.1212
1.4659,0.937212
1.39245,0.796821
1.42023,1.16538
1.51246,0.958363
1.61768,0.814265
1.17767,0.722086
1.50574,0.873546
1.20915,0.968146
1.77997,1.24013
1.70226,1.08953
1.46306,1.06746
1.50508,0.811137
