BS,MLR,CLP
0.164148,0.106723
0.21937,0.121263
0.156973,0.18405
0.356159,0.0730597
0.202471,0.0706365
0.104847,0.157551
0.163496,0.138027
0.246524,0.194695
0.15064,0.0793814
0.264813,0.172545
0.239646,0.161504
0.197004,0.114066
0.237745,0.116828
0.269828,0.18071
0.29453,0.0772466
0.115714,0.090128
0.308332,0.0836762
0.125289,0.18837
0.176893,0.172188
0.219632,0.095418
0.111549,0.186397
0.205017,0.0740858
0.133217,0.0792081
0.129012,0.113937
0.127498,0.142436
